{"accuracy": 0.9739952718676123, "confusion_matrix": [[55, 1, 0, 0, 0, 0, 0], [4, 56, 0, 0, 0, 2, 0], [0, 0, 77, 1, 0, 0, 0], [0, 0, 1, 57, 0, 0, 0], [0, 0, 0, 0, 63, 0, 0], [0, 1, 0, 0, 0, 54, 1], [0, 0, 0, 0, 0, 0, 50]], "classification_report": {"Insufficient_Weight": {"precision": 0.9322033898305084, "recall": 0.9821428571428571, "f1-score": 0.9565217391304348, "support": 56.0}, "Normal_Weight": {"precision": 0.9655172413793104, "recall": 0.9032258064516129, "f1-score": 0.9333333333333333, "support": 62.0}, "Obesity_Type_I": {"precision": 0.9871794871794872, "recall": 0.9871794871794872, "f1-score": 0.9871794871794872, "support": 78.0}, "Obesity_Type_II": {"precision": 0.9827586206896551, "recall": 0.9827586206896551, "f1-score": 0.9827586206896551, "support": 58.0}, "Obesity_Type_III": {"precision": 1.0, "recall": 1.0, "f1-score": 1.0, "support": 63.0}, "Overweight_Level_I": {"precision": 0.9642857142857143, "recall": 0.9642857142857143, "f1-score": 0.9642857142857143, "support": 56.0}, "Overweight_Level_II": {"precision": 0.9803921568627451, "recall": 1.0, "f1-score": 0.9900990099009901, "support": 50.0}, "accuracy": 0.9739952718676123, "macro avg": {"precision": 0.973190944318203, "recall": 0.9742274979641895, "f1-score": 0.9734539863599451, "support": 423.0}, "weighted avg": {"precision": 0.9741963750334822, "recall": 0.9739952718676123, "f1-score": 0.9738459445697886, "support": 423.0}}, "feature_importance": {"Age": 0.14091172482217565, "Gender": 0.09610010529169047, "Height": 0.208431194499618, "Weight": 0.5545569753865159}}