{"accuracy": 0.9716312056737588, "confusion": [[55, 1, 0, 0, 0, 0, 0], [4, 56, 0, 0, 0, 2, 0], [0, 0, 77, 1, 0, 0, 0], [0, 0, 1, 57, 0, 0, 0], [0, 0, 0, 0, 63, 0, 0], [0, 1, 0, 0, 0, 53, 2], [0, 0, 0, 0, 0, 0, 50]], "classification_report": {"Insufficient_Weight": {"precision": 0.9322033898305084, "recall": 0.9821428571428571, "f1-score": 0.9565217391304348, "support": 56.0}, "Normal_Weight": {"precision": 0.9655172413793104, "recall": 0.9032258064516129, "f1-score": 0.9333333333333333, "support": 62.0}, "Obesity_Type_I": {"precision": 0.9871794871794872, "recall": 0.9871794871794872, "f1-score": 0.9871794871794872, "support": 78.0}, "Obesity_Type_II": {"precision": 0.9827586206896551, "recall": 0.9827586206896551, "f1-score": 0.9827586206896551, "support": 58.0}, "Obesity_Type_III": {"precision": 1.0, "recall": 1.0, "f1-score": 1.0, "support": 63.0}, "Overweight_Level_I": {"precision": 0.9636363636363636, "recall": 0.9464285714285714, "f1-score": 0.954954954954955, "support": 56.0}, "Overweight_Level_II": {"precision": 0.9615384615384616, "recall": 1.0, "f1-score": 0.9803921568627451, "support": 50.0}, "accuracy": 0.9716312056737588, "macro avg": {"precision": 0.9704047948933981, "recall": 0.9716764775560262, "f1-score": 0.9707343274500874, "support": 423.0}, "weighted avg": {"precision": 0.9718818398028017, "recall": 0.9716312056737588, "f1-score": 0.9714632845829451, "support": 423.0}}, "feature_importance": {"Age": 0.13737087625512084, "Gender": 0.09147952129083194, "Height": 0.21230738758184436, "Weight": 0.5588422148722029}}